1,03-JUN-20
2,13-AUG-20
3,06-DEC-20
4,09-AUG-20
5,03-SEP-20
6,09-JUN-20
7,17-MAR-20
8,20-MAR-20
9,13-SEP-20
10,10-MAR-20
11,23-AUG-20
12,13-JAN-20
13,07-MAY-20
14,27-AUG-20
15,03-JUN-20
16,03-MAY-20
17,03-NOV-20
18,08-DEC-20
19,14-JUN-20
20,25-MAY-20
21,19-JUN-20
22,08-MAY-20
23,25-JAN-20
24,07-JUL-20
25,17-SEP-20
26,07-JUN-20
27,16-SEP-20
28,23-JUL-20
29,03-NOV-20
30,01-OCT-20
31,26-DEC-20
32,10-OCT-20
33,23-APR-20
34,21-JUN-20
35,02-DEC-20
36,23-MAR-20
37,07-NOV-20
38,01-FEB-20
39,13-JUN-20
40,03-JUL-20
41,05-FEB-20
42,27-MAY-20
43,26-JAN-20
44,20-JUN-20
45,26-MAY-20
46,03-SEP-20
47,02-DEC-20
48,13-APR-20
49,02-FEB-20
50,10-AUG-20
51,23-FEB-20
52,01-MAY-20
53,07-FEB-20
54,24-OCT-20
55,17-MAY-20
56,19-FEB-20
57,20-JAN-20
58,22-AUG-20
59,01-MAR-20
60,08-JUL-20
61,10-MAR-20
62,12-MAR-20
63,29-DEC-20
64,06-JAN-20
65,29-AUG-20
66,25-JUL-20
67,05-APR-20
68,15-MAR-20
69,28-SEP-20
70,14-NOV-20
71,04-NOV-20
72,09-DEC-20
73,05-MAY-20
74,09-JUL-20
75,13-NOV-20
76,12-NOV-20
77,10-JAN-20
78,26-DEC-20
79,19-OCT-20
80,19-OCT-20
81,17-JAN-20
82,09-NOV-20
83,22-NOV-20
84,11-DEC-20
85,26-JUL-20
86,12-MAY-20
87,29-NOV-20
88,12-MAY-20
89,11-FEB-20
90,02-FEB-20
91,29-SEP-20
92,17-JAN-20
93,12-APR-20
94,11-JUN-20
95,09-JUL-20
96,03-OCT-20
97,20-DEC-20
98,30-APR-20
99,03-SEP-20
100,22-FEB-20
